MedicineId,MedicineName,ExpirationDate
9493427064,Probenecid,4/24/2020
4525298650,Griseofulvin,7/15/2019
8375199486,BB Tinted Treatment 12-hour Primer Broad Spectrum SPF 30 Sunscreen,3/2/2020
1363344536,Instant Hand Sanitizer,11/19/2019
8009982458,Hydraday,9/25/2019
9417146173,Naproxen,8/20/2019
6296191308,HOT MOVATE,6/1/2019
4619080446,Healthy Accents,4/1/2020
7440495799,Bio Electrolyte,5/29/2019
0586749527,Cimetidine,11/16/2019
5070187708,Dextrose,5/16/2020
4783518076,Tears lubricant,4/17/2020
0333606906,Cyanocobalamin,2/3/2020
1297176065,Leader Aspirin,4/22/2020
6967104284,ENJUVIA,7/14/2019
9083121259,Leflunomide,1/15/2020
9791517347,telmisartan,12/8/2019
1268090115,Aunt Bees Five Flavors,7/30/2019
1031403647,care one ibuprofen,12/17/2019
4417639930,Equitance Sunscreen Broad Spectrum SPF 36,2/23/2020
2175770796,Piroxicam,8/23/2019
9212366023,Kiehls Since 1851 Dermatologist Solutions Super Fluid UV Defense,3/27/2020
0512305307,Leader Nite Time Cold Flu Relief,8/16/2019
3492643582,LBEL FILLING EFFECT FOUNDATION SPF 10,4/3/2020
1278921761,Daytime Cold and Flu Relief,10/3/2019
9733382086,Privet,4/8/2020
7847948206,TIMENTIN,11/22/2019
2132771308,"Pollens - Trees, Cedar, Red Juniperus virginiana",5/14/2020
3389618317,Love and Beauty Melon and Mint Anti-Bacterial Hand Sanitizer,3/4/2020
1052562787,English Walnut,11/12/2019
3921100267,Diltiazem Hydrochloride,7/22/2019
4083001453,Stress,2/16/2020
6112753464,Quality Choice Nighttime Severe Cold and Cough,6/29/2019
7010873739,Sucralfate,3/28/2020
1771815477,Earwax Removal Aid,11/6/2019
1251652247,Risperidone,3/29/2020
0055844901,Simvastatin,3/7/2020
5007441805,Ibuprofen,12/12/2019
6666561996,Ketotifen Fumarate,12/4/2019
3967321444,Lipitor,7/20/2019
3413041703,Maracuja Miracle Foundation 12-Hour Foundation Broad Spectrum SPF 15 Sunscreen,2/21/2020
0890120102,Naproxen,9/23/2019
3076874306,AGARICUS MUSCARIUS,12/12/2019
0530273047,Aterra Antibacterial Hand Wash,10/31/2019
4080869991,Amlodipine Besylate and Benazepril Hydrochloride,4/5/2020
7634466433,Drosera comp.,1/25/2020
1070822191,Anastrozole,1/8/2020
9267945238,Diethylpropion HCl Immediate-Release,1/3/2020
7474513226,Sleeplessness Relief,8/6/2019
2368679081,All Day Pain Relief,3/6/2020
6603709821,Levofloxacin,4/7/2020
6999741646,zolmiptriptan,5/28/2019
4512525394,BUPROPION HYDROCHLORIDE,9/18/2019
8607474359,Amitriptyline Hydrochloride,7/31/2019
5026765408,BACTROBAN,10/19/2019
4714088661,verapamil hydrochloride,5/9/2020
9947111547,Healthy Accents Ibuprofen,4/26/2020
3998073876,BioPhenolics,10/20/2019
6990949333,Phentermine Hydrochloride,1/23/2020
0299161374,quetiapine fumarate,9/10/2019
5887055308,Dr Sheffield Athletes Foot,12/22/2019
7045434073,Prempro,9/6/2019
2184898384,Ziprasidone hydrochloride,6/8/2019
3594966003,Aterra E-2 Sanitizing Foam Hand Wash,7/31/2019
9990890587,Metadate CD,11/9/2019
2358496243,Lady Speed Stick,11/14/2019
6489065304,RETROVIR,3/1/2020
1027994539,GREEN BELL PEPPER,3/26/2020
9777387660,Coppertone Sport Continuous,5/16/2020
0262224976,Adaptagen,10/23/2019
3921935091,McKesson Unna Boot with Calamine 4,3/20/2020
4865741305,Sulfamethoxazole and Trimethoprim,4/8/2020
0889889902,Enpresse,11/25/2019
1652475672,Ventavis,3/5/2020
7924350144,Vancomycin Hydrochloride,2/28/2020
6953608455,cough and chest congestion,4/20/2020
0707055555,Cough plus Bronchial,10/11/2019
2893490271,Metronidazole,1/12/2020
0875248233,IT RADIANT CC IN MELTING FOUNDATION,10/14/2019
4709363560,Perphenazine,3/2/2020
5712744678,Denti-Care Denti-Foam,10/22/2019
7623088807,Bryonia Stannum,7/8/2019
9825116978,Montelukast Sodium,7/13/2019
4154353489,PHOSLYRA,10/12/2019
0454689926,Sildenafil,4/6/2020
6898614487,Minocycline Hydrochloride,5/30/2019
4165779075,4 in 1 Pressed Mineral SPF 15 Golden Medium,6/19/2019
1656520834,ChapStick Classic Strawberry,3/28/2020
6309816055,Dill Seed,9/5/2019
8617486716,DAYWEAR BB,4/27/2020
2176963148,LBel,12/14/2019
9397933108,SINGULAIR,3/16/2020
1724272993,Zhenweilong Huoluo You,8/21/2019
1091206724,Docusate Sodium,7/7/2019
3743309246,Q-Tapp,9/16/2019
6052130326,Oxilan,9/28/2019
0301438056,The Natural Dentist,12/17/2019
4308696860,Bicalutamide,9/27/2019
0984612947,IRIS,1/27/2020
6289439138,Tacrolimus,11/27/2019
5877920227,MORUS ALBA POLLEN,11/15/2019
0283634359,Pain Relief,11/25/2019
9033536536,Anti-Bacterial Wash with Exfoliating Beads for Blemish skin,1/11/2020
7858151304,Methocarbamol,1/1/2020
7789199374,LORATADINE,5/10/2020
0271282665,Procrastination,7/23/2019
0782341993,Cough Relief,11/20/2019
3380863106,Derma-Smoothe/FS,12/18/2019
4302175044,"Timothy, Standardized",7/1/2019
2957277085,Minocycline hydrochloride,3/21/2020
5452746285,FibroFree Complex,6/28/2019
9863578282,Bedwetting,3/3/2020
8077329888,Pamidronate Disodium,4/8/2020
7659117556,Verapamil Hydrochloride,11/19/2019
0598548130,Sodium Sulfacetamide and Sulfur,3/13/2020
2586152093,SHISEIDO UV PROTECTIVE FOUNDATION,2/23/2020
3841628788,Nitrofurantoin Monohydrate/ Macrocrystalline,12/15/2019
6707127306,ANTIBACTERIAL,8/18/2019
1497672368,Loxapine,12/1/2019
2688354620,Equaline tussin,5/26/2019
6033270371,Nadolol,11/18/2019
4957437564,Bismatrol,6/23/2019
4327768642,PENTOXIFYLLINE,8/21/2019
2603827146,Instant Hand Sanitizer Fresh Aloe,2/11/2020
7432441618,Nervous Cough,4/3/2020
7915491687,CARDEC,4/10/2020
7651936817,nasal,1/2/2020
3977728415,Oxygen,9/21/2019
2223071228,Mouth Rinse,6/22/2019
0493950087,Pioglitazone,4/20/2020
7634868876,Clozapine,6/13/2019
1318607310,SINGULAIR,4/18/2020
9550440559,Allergy and Congestion Relief,5/17/2020
3957845394,3M Cavilon Durable Barrier,6/14/2019
9218217372,Ear Wax Relief,7/19/2019
1293076546,Anti-Bacterial Gentle Foaming Hand,7/26/2019
7776171484,Bronkisan,1/18/2020
2232590313,Ache and Pain Relief to Go,9/10/2019
6838141647,Immune Forte,8/11/2019
9139866815,Levitra,9/15/2019
8646135268,Naproxen,6/14/2019
5433772640,Codituss DM,6/22/2019
6459010757,FOREVER LASTING PRECIOUS ESSENTIAL WATER,5/26/2019
2332790969,GBG AloeGel,7/28/2019
4005880010,Aspirin,4/14/2020
9112753920,Nervus ischiadicus 6 Special Order,3/28/2020
5086729661,NARS ALL DAY LUMINOUS FOUNDATION,2/28/2020
7930043657,Pain Relief,6/12/2019
7449961008,Anastrozole,10/15/2019
1968450254,LISINOPRIL,9/20/2019
9543614326,Alcohol,11/1/2019
8052642426,Mannitol,3/2/2020
6618725844,FlexGen,4/9/2020
8191878585,BSS PLUS,6/19/2019
3535611695,Natural SUN Saving Face,2/4/2020
5893010639,Trihexyphenidyl Hydrochloride,5/14/2020
0915598175,Health And Beyond Instant Hand Sanitizer,10/28/2019
9900248503,TS (Talmostop),11/30/2019
2471812228,Topotecan Hydrochloride,10/3/2019
6629123964,ESIKA,6/28/2019
2475239069,Arthritis Care,2/26/2020
4069407812,AMERFRESH ANTIBACTERIAL DEODORANT,1/27/2020
9994155709,Sulfamylon,5/18/2020
3345406373,LBEL MAXIMUM COMFORT AND LONG-LASTING FOUNDATION SPF 10,2/23/2020
4528936267,OXYGEN,1/26/2020
4523180504,Alprazolam,12/13/2019
0720645875,Leader Severe Cold and Flu,5/11/2020
9393493871,Diclofenac Sodium and Misoprostol,8/20/2019
1981958126,Laura Mercier Tinted Moisturizer SPF 20 WALNUT,5/3/2020
8834363477,LEDUM PALUSTRE,4/30/2020
7423818690,MORPHINE SULFATE,8/6/2019
3740408545,Good Sense Nasal Decongestant,3/9/2020
0627341993,Motion Sickness,11/1/2019
7121234262,NEOSPORIN G.U.,8/11/2019
9501501574,Ciprofloxacin Hydrochloride,10/14/2019
3216971244,Parrot Head Floridays 30,5/31/2019
1552863417,Dukal Alcohol Prep Pad,10/14/2019
0700002707,LBEL HYDRATESS,4/23/2020
6914046417,Degree UltraClear Pure Satin,8/3/2019
1481985019,Bupropion Hydrochloride,8/9/2019
4459000792,DaunoXome,7/6/2019
5548062670,Asthma Rescue - Cough,7/28/2019
3189835632,Lorazepam,12/31/2019
8857133427,Gastropanpar,6/2/2019
2641267802,False Ragweed,4/16/2020
4833604248,Minocycline,3/12/2020
0785260676,NITROUS OXIDE,1/1/2020
0898336961,ADVAIR,10/14/2019
4272358472,Oxacillin,10/13/2019
8157755913,metformin hydrochloride,10/23/2019
1040155227,FAMILY CARE MUSCLE RUB PAIN RELIEVER,4/27/2020
1025461819,Antiseptic Mouth Rinse,10/5/2019
8252263674,Desmopressin Acetate,4/24/2020
9541240550,Carbo Vegetabilis Kit Refill,8/26/2019
8808621863,Lupron Depot,12/11/2019
9265242787,Nivea A Kiss of Protection Sun Protection Lip Care,2/5/2020
4546033044,Neomycin and Polymyxin B Sulfates and Bacitracin Zinc,2/22/2020
2322021229,topiramate,6/4/2019
3472166517,Oxaprozin,6/22/2019
5380449034,Octreotide Acetate,9/20/2019
9165104935,Treatment Set TS329894,12/14/2019
3248271981,Protamine Sulfate,9/4/2019
8638887752,CLOZAPINE,11/25/2019
6219585739,Fluphenazine Hydrochloride,11/8/2019
9230078093,Diltiazem Hydrochloride,10/5/2019
8631445215,Rabbitbush,3/28/2020
5366430518,TYSABRI,9/28/2019
2656165555,Diltiazem Hydrochloride,12/14/2019
8110131832,Spironolactone,8/7/2019
3460679190,Trifluoperazine Hydrochloride,4/18/2020
6045338588,Warfarin Sodium,1/1/2020
9955445645,careone antacid,1/6/2020
3187981631,Nizoral,11/6/2019
9721203149,Anti-Bacterial Hand,8/23/2019
8964129059,Prempro,1/26/2020
2904073442,Acyclovir,11/15/2019
8720812140,Lamotrigine,5/31/2019
0468825363,oxycodone hydrochloride,6/14/2019
2942325690,Tizanidine,3/16/2020
4737865125,Ropinirole Hydrochloride,2/18/2020
0962790435,Mirtazapine,9/20/2019
4125295220,Hot Stuff Cream,12/8/2019
3788163054,Crest Pro-Health,3/25/2020
4105719734,Clonazepam,5/22/2020
6087099395,Lip Smacker SPF 24 Power Punch,5/17/2020
3113218861,Hand Sanitizer,4/17/2020
8429023720,WHITE CAVIAR ILLUMINATING HAND SUNSCREEN BROAD SPECTRUM SPF 15,9/13/2019
2179194285,Pleo Muc,6/8/2019
2804915794,JUNIPERUS VIRGINIANA POLLEN,10/28/2019
9944279552,"Pollens - Trees, Cedar, Mountain Juniperus ashei",9/5/2019
4449331206,Wegmans,1/19/2020
9623873654,METFORMIN HYDROCHLORIDE,7/1/2019
3264574551,LUCENTIS,6/27/2019
0000302775,CYCLOBENZAPRINE HYDROCHLORIDE,7/7/2019
4003045270,Norditropin,6/7/2019
3450204882,Perrigo Benzoyl Peroxide,11/23/2019
2634832397,Penicilium chrysogenum,8/4/2019
4237060047,Propafenone Hydrochloride,7/31/2019
1399625721,HurriCaine,4/27/2020
9966844627,Amitriptyline Hydrochloride,8/1/2019
7613375706,PANTOPRAZOLE SODIUM,5/22/2020
4069046151,BETULA NIGRA POLLEN,12/3/2019
4702952609,Minocycline Hydrochloride,2/24/2020
3978980487,smart sense cold and allergy,11/5/2019
5424782744,Bite and Itch,10/9/2019
2647756546,SOLAR SENSE CLEAR ZINC SUNSCREEN FACE and LIPS BROAD SPECTRUM SPF 70,10/21/2019
0542124572,Arava,1/24/2020
4912060690,Sertraline Hydrochloride,4/4/2020
2775747574,ULTRA HYDRO FACIAL FOAM,4/7/2020
9348127004,sunmark,3/16/2020
5066867171,Bicalutamide,6/17/2019
4998629891,Good Neighbor Pharmacy,2/3/2020
2379350515,Olanzapine,5/16/2020
9432320677,Safe Harbor - Natural - Sensitive SPF50 Broad Spectrum,8/15/2019
0324939787,Topamax,11/15/2019
5468344564,Piperacillin and Tazobactam,10/17/2019
8373093486,Actiogen Acne Dots Treatment,1/14/2020
9912272129,Atorvastatin Calcium,1/27/2020
1847738664,Remodulin,11/14/2019
1887739351,Secret Outlast Clear,7/31/2019
8515809575,Losartan Potassium,12/30/2019
0691162336,WARFARIN SODIUM,1/9/2020
2277572713,Ondansetron,5/7/2020
9699683279,LEADER iNTENSE COUGH RELIEVER,1/9/2020
7501608377,Spironolactone,3/29/2020
7873322483,KALI MURIATICUM,12/27/2019
2550068475,"AVOBENZONE, OCTINOXATE, TITANIUM DIOXIDE",6/28/2019
2491244519,HAND SANITIZER,6/15/2019
1725005131,English Plantain Pollen,2/25/2020
7073315849,Allergy,9/2/2019
5245651556,VERAPAMIL HYDROCHLORIDE,7/7/2019
1682173828,topcare hemorrhoidal,1/7/2020
3770068742,Milk of Magnesia Mint,9/10/2019
3647623245,YesTo Pomegranate Lip Butter with SPF 15,11/27/2019
1972499211,Formadon,7/26/2019
1418756377,Helleborus e pl. tota 2,12/19/2019
6622337438,Peptic Relief,11/24/2019
7330808652,Morphine sulfate,12/16/2019
1557168822,Tolnaftate,9/9/2019
8315094300,IOPE SUPER VITAL EXTRA MOIST B.B,6/24/2019
0016507509,Erythromycin,11/6/2019
1949962717,MEDICAL AIR,9/3/2019
1755003587,QUALITY CHOICE ORIGINAL EYE DROPS,4/30/2020
0761725326,Sensodyne,10/3/2019
1242205780,Penicillin G Potassium,6/4/2019
9852088955,"Jason Healthy Mouth Anticavity ,Tartar Control Tea Tree Oil and Cinnamon",3/11/2020
0006521010,N-Con Tonic,1/2/2020
5035742555,Ultracare Anesthetic,1/16/2020
4346450679,KHUSKIA ORYZAE,8/15/2019
4778009584,Trihexyphenidyl Hydrochloride,9/25/2019
3036821546,LISINOPRIL AND HYDROCHLOROTHIAZIDE,5/18/2020
8298992768,Amitiza,6/23/2019
5009990547,Metronidazole,6/3/2019
6460253420,Paroxetine,7/1/2019
3736705271,Cetirizine Hydrochloride,5/8/2020
0354406876,Ibuprofen,10/26/2019
8290178484,CELEBREX,6/29/2019
0737367148,Equaline nicotine,6/15/2019
1632640708,FENTANYL CITRATE,5/23/2020
3184422542,healthy accents miconazole 3,3/26/2020
4317294214,Nighttime Cold and Flu,10/23/2019
0983625603,Blowfish,9/2/2019
7821954187,Desipramine Hydrochloride,4/5/2020
8757209553,Citalopram,1/17/2020
5852509965,Furosemide,9/10/2019
0507746090,Anti-Bacterial Hand,11/26/2019
6860881399,NP Thyroid 30,6/12/2019
2636991417,Fexmid,4/22/2020
4312984603,Red Alder,2/22/2020
4316022083,SPF30 SUPER SENSITIVE SUNSCREEN,2/12/2020
7139935300,Sleep aid,4/2/2020
0983421897,Ferrum Phos Kit Refill,4/5/2020
6631842778,Ceftriaxone Sodium,3/3/2020
2558669370,Nystatin,11/13/2019
4037547694,"Mucus Relief Cold, Flu and Sore Throat",9/27/2019
2991279281,Lovastatin,4/3/2020
3247591826,Attention Plus,10/8/2019
9661332452,Cosyntropin,7/8/2019
3857933747,Mango Blossom,7/11/2019
7983903049,GOODSENSE IRRITATION RELIEF EYE DROPS,6/10/2019
9083606120,Omega 3 Heat Therapy,5/30/2019
6793013114,Salt Cedar,2/17/2020
8493822175,Pure System Stop Blemish,12/28/2019
5089148880,Mucus Relief Chest,12/4/2019
4698389992,Chlorpromazine Hydrochloride,5/21/2020
7619650563,Warfarin Sodium,2/1/2020
3178154337,Perphenazine,8/10/2019
5439088970,Coffee,8/29/2019
8071798800,Trihexyphenidyl Hydrochloride,7/20/2019
0465688195,Xyzal,3/24/2020
2183490551,Mango,7/7/2019
2234558875,cold and flu relief,7/18/2019
0414844807,VITALUMIERE AQUA,4/19/2020
2469083869,Frosted Berries and Cream Sanitizer Pen,12/20/2019
7490672961,Cephalexin,11/8/2019
9011655052,oxygen,9/28/2019
7344484234,Asthma Symptom Relief,8/6/2019
2307423036,CIPROFLOXACIN,10/20/2019
8072613219,Hydrocodone Bitartrate and Acetaminophen,7/31/2019
4227304881,Donepezil hydrochloride,9/18/2019
6459581258,"Standardized Grass Pollen, Orchard Grass",12/9/2019
5247663969,Psorizide Ultra,2/29/2020
1527078388,Oxytocin,4/17/2020
4423290111,Nettle,1/14/2020
6473512128,Midazolam hydrochloride,3/29/2020
1206288116,Prednisone,9/24/2019
1723988413,Sunmark Iodides Tincture,2/13/2020
0097600636,Olay Total Effects Anti-Aging Moisturizer,6/18/2019
6320976314,Meijer Oil Free SPF 30,4/18/2020
7922816847,ALTERNARIA TENUIS,3/18/2020
4763458973,OXYBUTYNIN CHLORIDE,4/30/2020
4100851278,Chicken,6/23/2019
7580944219,Cosmetic and Household Detox,7/3/2019
1849980926,Uri-Cleanse Rx,2/23/2020
7191959096,Captopril,4/18/2020
0818012293,Amazonian Clay BB Tinted Moisturizer Broad Spectrum SPF 20 Sunscreen,10/23/2019
4181491153,potassium chloride,6/24/2019
8750834037,Paclitaxel,6/30/2019
9886121327,Urtica Conchae Special Order,1/9/2020
3072926379,Accupril,1/8/2020
5796339915,Warfarin Sodium,2/13/2020
7000227117,Exuviance CoverBlend Concealing Treatment Makeup,3/20/2020
0247833827,Lovastatin,4/22/2020
6690610357,leader nite time,10/4/2019
8507761259,good sense anti itch,7/10/2019
9741491522,Salmon,10/29/2019
1005702845,Silk Antibacterial Foaming Hand Original,1/31/2020
8120659198,Myozyme,12/26/2019
2352349168,Norvir,1/16/2020
8431118687,Relax Sanitizing Towlette,11/7/2019
2267691051,CLE DE PEAU BEAUTE FOUNDATION I,2/6/2020
7465477972,Oxy Maximum Action Advanced Face Wash,11/13/2019
7503651237,Flumazenil,5/22/2020
6787233639,Warfarin Sodium,6/25/2019
9359512508,DG HEALTH ANTI ITCH,9/11/2019
9000506360,Azithromycin,2/9/2020
5641121126,Tinted Moisturizer Broad-Spectrum SPF 45,5/5/2020
0421688076,Leader Acid Control,7/15/2019
8745376093,Sumatriptan Succinate,11/17/2019
3823475681,Ginger,11/4/2019
1196927243,good neighbor pharmacy allergy,1/4/2020
6202259663,CARBAMAZEPINE,5/10/2020
1504942787,Flutone,12/8/2019
7691760957,Goodys Extra Strength,2/25/2020
7111507622,Ativan,10/1/2019
0820512354,equaline nicotine,4/24/2020
7407224250,doxepin hydrochloride,12/10/2019
7065618633,Leader Childrens Mucus Relief,5/3/2020
4792142695,Extra Strength Backache Relief,7/6/2019
8325120355,Nu Skin Nu Colour,6/1/2019
4938772221,PreviDent,11/28/2019
7736354251,Connective Tissue,1/29/2020
3540177574,Aplicare Povidone-iodine,9/4/2019
8771678131,SINUS PAIN AND CONGESTION DAYTIME,5/31/2019
6010653193,Tramadol Hydrochloride,1/2/2020
1323890858,Sertraline Hydrochloride,3/10/2020
5722586390,Rhodotorula mucilaginosa,12/26/2019
9487571515,Amlodipine Besylate,12/10/2019
8866346004,Calcium Chloride,5/3/2020
7285338575,ESIKA,12/3/2019
3162910412,Peter Island Ultimate Sheer Dry Touch Sunscreen,9/20/2019
8486239605,SMITH BROS HONEY LEMON Cough Drops,9/21/2019
8616046089,Isopropyl Alcohol with Wintergreen,12/12/2019
4520075904,Citalopram Hydrobromide,9/30/2019
6993961431,AER,4/17/2020
5356739710,"Butalbital, Acetaminophen and Caffeine",8/2/2019
4805135417,Cat Flea,2/29/2020
3402361752,Famciclovir,12/11/2019
7553957178,Eczema,5/22/2020
9772704285,Prednisone,8/29/2019
3407534337,PRIME PRIMER CLASSIC,9/8/2019
3422033602,Kcentra,7/15/2019
9383352604,RISPERDAL,10/28/2019
7160439244,Promethazine Hydrochloride,5/11/2020
0282411437,Epirubicin Hydrochloride,1/18/2020
1235041085,Good Sense Hemorrhoidal,12/21/2019
6766743085,No7 Beautifully Matte Foundation Sunscreen Broad Spectrum SPF 15 Cool Ivory,5/11/2020
8879834487,Climara Pro,11/16/2019
5113066885,Clonazepam,9/17/2019
8422089017,ERGOCALCIFEROL,4/4/2020
4985335258,No7 Lifting and Firming Foundation Sunscreen SPF 15 Vanilla,9/22/2019
2647251444,Gleevec,11/23/2019
6751116950,Latanoprost,6/7/2019
4456868287,skin elements liquid veil foundation broad spectrum SPF 25,7/26/2019
3737028893,Candida albicans,6/13/2019
1746863498,Kiehls Since 1851 Facial Fuel UV Guard,6/8/2019
3955259803,PREZISTA,4/11/2020
9564015642,Burr Oak,6/13/2019
0559047053,La Roche Posay Laboratoire Dermatologique Anthelios 60 Melt In Sunscreen Milk Broad Spectrum SPF 60 Face and Body,9/9/2019
0872198979,Sertraline Hydrochloride,4/12/2020
1688030220,Aplisol,6/27/2019
1642918172,Tinnitus Relief,2/20/2020
9748367592,Vitamin B Complex,5/3/2020
5018270551,Olay Fresh Effects BB,4/8/2020
0495810223,DEMEROL,2/24/2020
3961818126,Lidocaine HCl - Hydrocortisone Acetate,6/11/2019
5011362663,Finasteride,3/13/2020
9928964920,Diclofenac Sodium,2/8/2020
1790383781,Dexamethasone,7/14/2019
8710816143,Olanzapine,7/15/2019
5168614329,VITALUMIERE AQUA,2/27/2020
5677216968,PredniSONE,6/15/2019
3682388710,Lithium,7/5/2019
2189245648,ABSORBINE JR,11/3/2019
3323390180,Fentanyl,9/21/2019
5372027428,One Step Hand Sanitizer,11/24/2019
4071599421,ZYPREXA,8/15/2019
7221439389,Microban,8/25/2019
0333767632,Pyrazinamide,11/10/2019
5321878811,Acetylcysteine,6/12/2019
1679794264,lubricating plus,2/20/2020
3913562486,Heparin Sodium,5/19/2020
2835002103,Uri-Cleanse Rx,8/10/2019
9165550560,Cetirizine Hydrochloride,5/2/2020
3687274063,Olanzapine and Fluoxetine,3/27/2020
8893222485,PHENERGAN,8/27/2019
5141647838,CLE DE PEAU BEAUTE CREAM COMPACT FOUNDATION,10/15/2019
8227594204,acid reducer,5/17/2020
8529863771,GNP Iodides Tincture,4/29/2020
2544965150,triamcinolone acetonide,2/24/2020
2618464745,Candesartan Cilexetil and Hydrochlorothiazide,8/21/2019
7610784117,LEMON GINGER TEA DEODORANT,2/15/2020
4757146035,Mirtazapine,3/30/2020
6964403388,Nitrogen Oxygen Mix,10/11/2019
8078575289,CARBO VEG,11/19/2019
0603687512,Cladosporium cladosporioides,2/28/2020
5674186693,Sore Throat,8/1/2019
6427101803,Sonata,9/15/2019
2156133999,First Aid Burn,12/4/2019
3216150461,Effexor,6/27/2019
4677825394,Molds - Mold Mix 4,8/11/2019
3138044298,Alka-Seltzer Plus-D Multi-Symptom Sinus and Cold,5/8/2020
6393027029,Chaetomium globosum,11/5/2019
6945207358,VUSION,11/24/2019
8072011278,ESOPINIO FRESH AND CLEAR FOUNDATION,4/2/2020
1530804701,Buspirone Hydrochloride,6/24/2019
1839189207,DISCOUNT DRUG MART,8/3/2019
9465217565,Glyburide,12/1/2019
5879205886,Budesonide,3/24/2020
8075107500,MECLIZINE HYDROCHLORIDE,9/21/2019
6641737802,LACHESIS MUTUS,3/9/2020
8274699912,Hand Sanitizer,8/15/2019
8614355998,Theradent,9/15/2019
2772703142,Treatment Set TS350619,6/7/2019
3872253395,FEMCON Fe,3/18/2020
6233009154,Muscle Rescue,12/18/2019
6876172686,Sweet Water Antibacterial Hand Moisturizer,6/2/2019
9463843612,pain relief,3/20/2020
7672175971,Rifampin,11/12/2019
7887780136,Paroxetine,11/1/2019
2363052080,Instant Hand Sanitizer Green Apple Scented,10/28/2019
0768205700,Pre Dental Visit,1/2/2020
5603521899,Ibuprofen,2/17/2020
9449534292,Boscia Restorative Day Moisture Broad Spectrum SPF 15 For Dry Skin,12/28/2019
1496735986,SEROQUEL,7/15/2019
1857132335,Neutrogena Healthy Skin Compact Makeup,2/28/2020
3260216111,Gabapentin,3/24/2020
9277723890,Fluoxetine,1/12/2020
5240837554,XtraCare Instant Hand Sanitizer,3/21/2020
7967266625,Acyclovir,1/16/2020
0880863463,Dr. Smiths Rash and Skin,11/7/2019
9847049858,Canadian Blue Grass,7/23/2019
0565770365,Hydrochlorothiazide,10/2/2019
8727813436,CVS Pharmacy,3/15/2020
5107643523,PHARMACYS PRESCRIPTION,6/22/2019
2149783266,ACTEMRA,5/8/2020
2168684634,Black Olive,1/3/2020
0267589298,Triamcinolone Acetonide,3/4/2020
8885913512,TENORMIN,9/13/2019
9528885861,Imipramine Hydrochloride,7/25/2019
8557469284,Mannitol,1/31/2020
1980526125,Nicotine,10/22/2019
0858121506,ACCOLATE,4/24/2020
5866523698,Liothyronine Sodium,11/26/2019
3758640067,Olanzapine,1/11/2020
0855687568,Latanoprost,5/31/2019
9423651127,Ulta Sparkling Lemon Anti-Bacterial Deep Cleansing,9/1/2019
8720942214,Health Mart Castor Oil,4/1/2020
7356550490,ERYTHROMYCIN,10/18/2019
4056387451,Equaline ibuprofen,12/1/2019
7125278183,SALIX NIGRA POLLEN,11/30/2019
9932295620,Diazepam,3/16/2020
1856015521,Aplicare Povidone-iodine Triples,4/10/2020
4902214091,Kaiser Permanente,7/19/2019
6695278350,Petroleum Skin Protectant,11/17/2019
7081237029,Lymphoplus,5/28/2019
0131790153,Tag Away,1/6/2020
1869876989,Shopko Antibacterial Hand Sanitizer,8/12/2019
5312909327,Body Wash,10/23/2019
9190307968,Yellow Onion,4/24/2020
4031355017,Gastrografin,10/17/2019
4281736131,Magic Marker,12/2/2019
9890417936,Mucus Relief Chest,11/11/2019
9542714440,Levetiracetam,7/5/2019
5550130300,Cultivated Wheat,11/8/2019
4694043196,Sertraline Hydrochloride,9/24/2019
7605696353,Bacitracin Zinc,7/28/2019
9303376706,Xenon,4/24/2020
3925428682,Citalopram Hydrobromide,3/26/2020
9783501690,Tomato,7/3/2019
9151367432,Health Smart Instant Hand Sanitizer with aloe vera and vitamin e cucumber melon,12/2/2019
1142674274,Phenobarbital,3/30/2020
3388062838,Ondansetron,4/11/2020
3453566122,Olanzapine,11/10/2019
2526031680,PANADOL,10/23/2019
0257321314,Aspercreme Max No Mess Roll On,1/26/2020
5260284976,Anti-Bacterial Hand,9/9/2019
6750067042,Warfarin Sodium,4/21/2020
9488525347,Trichoderma,12/24/2019
8008303174,Aspirin,2/5/2020
2042479284,Lamotrigine,2/27/2020
6299018992,Sodium Nitrite,10/30/2019
8539028921,Ranitidine,10/16/2019
7487604373,Estradiol,1/16/2020
7518486172,Daytime Cold and Flu Relief,7/24/2019
5540390482,Lab1796 Cold and Flu Armor,7/30/2019
9263682208,Smart HCG,4/8/2020
9348104284,Naratriptan,1/13/2020
3339583242,Amoxicillin,11/21/2019
8814436819,Treatment Set TS333519,12/31/2019
2064663010,Epstein Barr Virus Remedy,4/9/2020
8442215956,Levofloxacin,12/22/2019
2000924670,Tinactin,10/7/2019
4711962859,Pantoprazole Sodium,11/28/2019
4204238610,Jantoven,2/1/2020
3129475265,QUERCUS RUBRA POLLEN,2/2/2020
4936921750,Pro-Den Rx,2/1/2020
6013070385,pain relief,2/15/2020
9735898314,Estradiol,7/17/2019
9266914533,Dexamethasone,11/22/2019
9351387313,Poverty Weed,1/3/2020
0492189994,Fluocinonide,7/15/2019
6996793378,Sinuforce,6/22/2019
9508229810,Venlafaxine,7/9/2019
7329032573,enema,1/3/2020
5166863097,MOUSE HAIR AND EPITHELIA,11/26/2019
1210581175,Sinus Tonic,5/17/2020
6171413984,Allergena,7/6/2019
1992299293,Candesartan cilexetil,5/29/2019
4690742693,Fluoxetine,12/30/2019
7357983463,MUCOR PLUMBEUS,3/18/2020
0148510272,Ibuprofen,8/6/2019
0308290917,Clonidine Hydrochloride,3/5/2020
0347394442,Vyvanse,3/28/2020
8448630378,Arnica e pl. tota 30,6/15/2019
0254758924,lisinopril,12/6/2019
4627837410,Vitafol,3/12/2020
2419253213,PRENATE Enhance,10/31/2019
3889280560,CENTURY 21 CHRONIC STRESS,7/21/2019
6990762322,Triamterene and Hydrochlorothiazide,2/6/2020
3689263336,Rouge Dior 470 Pearly Pink Serum,12/5/2019
3157640054,heartburn relief,6/4/2019
1998219062,Kiehls Since 1851 Dermatologist Solutions Skin Tone Correcting and Beautifying BB Sunscreen,7/13/2019
9709941356,ADSOL Red Cell Preservation Solution System in Plastic Container (PL 146 Plastic),6/8/2019
4263287010,CVS Therapeutic Menthol Pain Reliever,7/25/2019
3878203020,POTASSIUM CHLORIDE,6/2/2019
1898628823,Antacid,12/6/2019
6942478415,Pinchot Juniper,12/27/2019
0455230595,HISTEX-DM,4/28/2020
8876550666,meijer,4/11/2020
3420397860,Bismatrol,4/29/2020
4355613526,Quetiapine fumarate,4/18/2020
3441222113,headache formula,12/26/2019
9237090366,Muellergesic Cream,5/15/2020
0445796111,Megestrol Acetate,12/23/2019
2493193385,carvedilol,3/30/2020
6939306552,Halibut,8/25/2019
0978233263,Sephora Super Lisseur Rides SPF 15 Age Defy Moisture,3/16/2020
5586040514,Neutrogena Nourishing Long Wear Makeup Tone Correcting Complex Sunscreen Broad Spectrum SPF20,10/9/2019
7736856877,Hydrochlorothiazide,3/31/2020
2090137495,GUNA-TF HERPES,2/29/2020
6298572139,Mirtazapine,11/29/2019
6415070665,Nortriptyline Hydrochloride,7/20/2019
9384143367,SHISEIDO SHEER MATIFYING COMPACT (REFILL),8/12/2019
0017891051,IMITREX,6/3/2019
2224643675,AMITRIPTYLINE HYDROCHLORIDE,3/2/2020
0674707532,Vital HGH Immune Booster,6/21/2019
3216316548,Labetalol hydrochloride,9/20/2019
2935675061,Povidone Iodine Plus,5/18/2020
6269606462,Ceramide Lift And Firm Makeup Broad Spectrum Sunscreen SPF 15 Buff,9/19/2019
0699651999,TROSPIUM CHLORIDE,12/17/2019
7731119025,Symbyax,2/13/2020
2509053736,Doxercalciferol,2/3/2020
6505844449,Estradiol,10/18/2019
7432134960,Paroxetine,3/5/2020
8656201484,Curvularia inequalis,2/22/2020
6398331109,Sabadilla Eucalyptus Cold and Flu Relief,1/8/2020
9924259572,Voriconazole,12/29/2019
0015923738,Diovan,5/14/2020
1902830520,Furosemide,4/16/2020
3249465518,PLACENTA EX DEEP LINE,8/27/2019
1869639162,Pleo Pin,6/14/2019
0670718939,Bone Care,12/5/2019
2090246863,First Aid Original Bacitraycin Plus,3/13/2020
2940923612,Ciprofloxacin,8/3/2019
5265966161,Clarinex,7/15/2019
5537012839,harmon face values allergy relief,2/27/2020
1713458551,ORIGINAL POWER LIFTING AMPOULE,11/15/2019
3864548160,SIMVASTATIN,4/14/2020
1978486383,Potassium Chloride in Dextrose and Sodium Chloride,3/23/2020
4212518309,LivTac,6/27/2019
2286556474,Lisinopril,1/10/2020
2530226601,Sulfamethoxazole and Trimethoprim,11/6/2019
3069836852,Proventil HFA,11/1/2019
9039847932,Glimepiride,6/19/2019
3539820051,Your Label Here Hydrogen Peroxide First Aid,2/13/2020
8041550231,United Labs Instant Foam,7/28/2019
5089700796,Ondansetron Hydrochloride,11/4/2019
7273627844,Bupropion Hydrochloride,1/25/2020
6454586103,LESCOL,4/15/2020
7580746182,Delta Foremost Antibac,4/1/2020
3193842249,Acetaminophen and Codeine,2/28/2020
2829933982,Allergy Complete Relief,5/31/2019
3361734444,Date,8/21/2019
2171988371,Para-BN,10/24/2019
5253370617,Prednisone,6/13/2019
9735192853,Morphine Sulfate,6/6/2019
2899490699,Risperidone,9/14/2019
1848307551,Guaifenesin,12/9/2019
9437511950,Ceramide Lift And Firm Makeup Broad Spectrum Sunscreen SPF 15 Buff,8/1/2019
4343551342,MINOCYCLINE HYDROCHLORIDE,7/25/2019
6806019234,UltrasolSunscreen,1/1/2020
1862169594,Extra Strength Pain Reliever,8/23/2019
5391054079,Aphedrid Cold and Allergy,4/4/2020
6684647139,Sodium Ferric Gluconate Complex in Sucrose,11/7/2019
6184435620,Benazepril Hydrochloride and Hydrochlorothiazide,1/21/2020
7598713561,Smart Sense Nicotine,1/19/2020
3255618010,SULWHASOO EVENFAIR COMPACT NO.26,7/8/2019
8198617558,SunZone Kids SPF 45,8/23/2019
1614758042,Trout,2/5/2020
1963322452,Verapamil Hydrochloride,12/23/2019
8407416436,AVINZA,12/11/2019
2697450327,Advanced Dynamics Soothing day Moisture Broad Spectrum SPF 15,3/9/2020
5619585352,Medroxyprogesterone Acetate,11/30/2019
1952117828,phenol,5/27/2019
2148740660,Aveeno Clear Complexion Cleanser,10/10/2019
7352458441,gas relief,3/1/2020
2603146084,Terbinafine Hydrochloride,7/9/2019
1090200641,Nu Skin Nu Colour,10/5/2019
0731863178,Fleet,9/20/2019
8673372321,Natural herb,3/24/2020
0547247451,Anti-Bacterial Hand,3/7/2020
7880505822,Cough,5/18/2020
6205086255,Docusate Calcium,4/1/2020
5479158627,CLINDAMYCIN,3/28/2020
0086310739,Moisturizing Hand Sanitizer,3/3/2020
5809568661,SORE THROAT DIARRHEA,3/31/2020
1722373695,Antacid Supreme Cherry,11/4/2019
5585954288,Non Aspirin PM,4/27/2020
9391866123,JUNIPERUS ASHEI POLLEN,4/22/2020
0935355189,Captopril,5/14/2020
8697072662,Cefuroxime,11/15/2019
4106861984,XL-3,4/18/2020
5033278304,bacitracin,12/5/2019
6273754489,Prevacid,8/4/2019
7699796527,Good Neighbor Pharmacy Nicotine,12/22/2019
7844829354,Flawless Finish Dual Perfection Makeup SPF 8 Bisque,3/15/2020
1629953253,XtraCare Ice Cold Topical Analgesic Gel,3/11/2020
3333469146,Hydrocortisone,7/23/2019
5955623523,"Cockroach, German",9/14/2019
3162276462,fondaparinux sodium,12/8/2019
3434578161,Divalproex Sodium,4/8/2020
4793917321,CLONIDINE HYDROCHLORIDE,10/31/2019
0207845824,Alendronate Sodium,10/17/2019
8942865194,BUSPIRONE,1/2/2020
1854329707,Hydrocortisone,12/15/2019
5343063330,White Potato,5/14/2020
7072527710,Cattle Hair,4/17/2020
6544604836,Neutrogena Ultra Sheer Dry Touch,11/28/2019
5121558740,isosorbide mononitrate,10/19/2019
0979956625,hemorrhoidal,10/5/2019
3243808812,Mamma (dextra) 6,9/11/2019
3727644850,isosorbide mononitrate,12/14/2019
8134606261,Methylergonovine Maleate,3/4/2020
5141955745,ALLIUM CEPA,4/8/2020
1327962195,Ibuprofen,10/29/2019
0604036418,CELLBOOSTING HOMME SKIN,1/7/2020
6280312437,Neomycin Polymyxin B Sulfates and Dexamethasone,7/2/2019
5075717233,Phentermine Hydrochloride,4/22/2020
7265519701,"Food - Animal Products and Poultry Products, Egg, Yolk Gallus sp.",6/6/2019
2283912784,Sucrets,2/12/2020
6704072039,Clarins UV Plus HP SPF 40 Day Screen High Protection,4/4/2020
4353411837,Loratadine,1/10/2020
1364469014,Xylocaine,5/26/2019
3814167325,Phenylephrine Hydrochloride,2/6/2020
9842149382,migraine formula,12/9/2019
7857564451,Green Guard Advanced Sinus Relief,8/2/2019
1232068071,Ibuprofen,5/20/2020
9559996320,Attends Advanced Barrier,12/10/2019
2284277470,Acetylcysteine,9/2/2019
2027807926,Oxygen,8/3/2019
6030110918,ENALAPRILAT,4/9/2020
7672646761,BB Tinted Treatment 12-hour Primer Broad Spectrum SPF 30 Sunscreen,4/28/2020
9218931865,Lower GI Relief,6/21/2019
7782357705,Chlorpheniramine Maleate,8/24/2019
7378226807,Histamine,7/24/2019
1078586551,Muscle Ice,6/11/2019
8340201808,Warfarin Sodium,4/8/2020
8242867615,Furosemide,7/17/2019
4063977315,Pure Petroleum Cocoa Butter Scented,8/20/2019
6266146401,Zafirlukast,1/28/2020
7480563558,Isopropyl alcohol,1/12/2020
7420392838,Sulfamethoxazole and Trimethoprim,6/30/2019
8722811990,Propranolol Hydrochloride,10/26/2019
0324760132,TOPIRAMATE,4/17/2020
4323912285,POLYMYXIN B SULFATE and TRIMETHOPRIM SULFATE,12/29/2019
4454191972,Irinotecan Hydrochloride,7/14/2019
0524517940,Nausea,9/12/2019
1070815403,TAZORAC,8/31/2019
8059104756,3 CONCEPT EYES SLIM FIT PACT NATURAL IVORY,5/22/2020
0020688563,Allergy,11/15/2019
2576195350,LEADER HYDROCORTISONE,11/11/2019
0555289672,Loratadine ODT,2/27/2020
6770000229,Badger Damascus Rose Broad Spectrum SPF 20 Face Sunscreen - Sheer Tint,4/22/2020
1715377974,smart sense cold and cough,6/5/2019
2466368374,Health Mart Nicotine,6/15/2019
9245570517,take cover anti-aging foundation,11/12/2019
9340004299,Pyrazinamide,5/16/2020
3887211855,CRESTOR,2/8/2020
1375554409,4 Kidney,3/14/2020
0330689096,Childrens mucus relief,7/5/2019
4911594470,Thursday Plantation,1/25/2020
1981369627,Clonazepam,12/28/2019
5849365826,Softlips Salted Caramel,8/30/2019
8532165311,SmartRx Natural Pain Relief Sleeve KNEE,12/22/2019
8745576939,Levetiracetam,5/19/2020
2286542546,stila CC color correcting broad-spectrum SPF 20 01 FAIR,3/13/2020
0213599643,Shelter Tinted,5/15/2020
1329378989,Divalproex Sodium Extended-Release,9/5/2019
7563845887,Antibacterial Foaming Hand Cleanser,2/4/2020
2486243968,Anpitua Stim,10/10/2019
7759988311,Naftin,8/22/2019
4322770479,Fentanyl Citrate,7/24/2019
2954576952,BENZTROPINE MESYLATE,10/18/2019
8201072456,Pramipexole dihydrochloride,2/27/2020
0580863182,Lil Drug Store Nighttime Sleep-Aid,11/4/2019
0124592198,Loblolly Pine,6/13/2019
1547097264,Promethazine Hydrochloride,1/30/2020
2132897972,DiorSkin Nude 030 Medium Beige,3/21/2020
1980976694,Oxygen,7/9/2019
2030880396,Dopamine Hydrochloride,12/23/2019
1608610497,Dicyclomine Hydrochloride,1/9/2020
5883386245,Spiny Pigweed,12/23/2019
1559723963,bisoprolol fumarate and hydrochlorothiazide,2/12/2020
1976537614,Lubas,9/20/2019
5923566842,CareOne Cough DM,3/17/2020
6232693698,Methylphenidate Hydrochloride,7/10/2019
5533290389,Amlodipine besylate and benazepril hydrochloride,1/17/2020
6002358935,Lansoprazole,12/26/2019
6069705106,Lisinopril,11/30/2019
7029555538,Lotrimin,6/28/2019
5045624423,Minoxidil,8/13/2019
0843947853,EXALGO,11/25/2019
9266042188,Betamethasone Dipropionate,2/20/2020
4678967109,Lipitor,5/1/2020
3171997401,Valproic Acid,7/15/2019
2005103764,Zep Professional E-2 Hand Cleaner,3/23/2020
4768124585,Sports Injury,6/8/2019
1612431704,X3 Clean,8/27/2019
2238376933,CHAPSTICK MOISTURIZER GREEN APPLE,7/15/2019
2601080418,BAC,8/22/2019
6570975978,AS,10/8/2019
9769270326,DIFFERIN,1/30/2020
4202983653,galantamine,3/11/2020
9542306415,Dreumex Omnicare,2/4/2020
4275758501,Oxygen,9/11/2019
3012282025,Sertraline Hydrochloride,3/5/2020
7995283474,Terbinafine Hydochloride,3/15/2020
3398304842,Minocycline Hydrochloride,1/1/2020
9037230415,Hydromorphone Hydrochloride,5/23/2020
5390266412,Cultivated Rye,7/12/2019
8893934183,Hand Wash,10/4/2019
1145252400,Baclofen,11/10/2019
5481751984,RACHEL K MINERAL CC,6/9/2019
5597783211,Amikacin Sulfate,12/11/2019
5182612044,Readi-Cat2 Berry Smoothie,2/11/2020
6684590927,Nitrofurantoin Monohydrate/ Macrocrystalline,12/13/2019
9620036077,BEEF,1/3/2020
3193776424,Blemish Serum,4/12/2020
3439900827,Phenylephrine Hydrochloride,12/29/2019
5168998992,HAND-E-FOAM,4/27/2020
8937958600,Heparin Lock Flush,12/24/2019
1972832778,Acetylcysteine,1/20/2020
9133851573,Mouth Rinse,5/9/2020
1118883535,Kaletra,4/19/2020
4829399414,InterSol,11/17/2019
2129546285,Bahia Grass,11/19/2019
6199639138,SUN Solar Defense Oil-free Gel SPF 15,1/10/2020
8028216196,ShopRite Gas Relief,9/30/2019
3851080394,Escitalopram,1/14/2020
2734250071,FACE IT RADIANCE POWDER PACT SPF25 MOISTURE VEIL NB17,5/3/2020
6625265977,Hypertensolol,4/23/2020
0507314425,Equate Tussin DM,8/13/2019
4328126296,Metoprolol Tartrate,11/26/2019
0518218236,Humulin,10/16/2019
3259104933,RITE AID RENEWAL,11/4/2019
0873642724,Regional Allergies Rocky Mtns. U.S.,10/31/2019
8651595743,Jute,12/30/2019
1812444036,Marcaine with Epinephrine,2/26/2020
1953256406,RISPERIDONE,1/31/2020
2201803757,Potato,6/15/2019
6910688392,rx act ibuprofen,2/10/2020
9851419273,ALLEROFF,8/30/2019
3827627958,Personal Care Hand Sanitizer Aloe,1/10/2020
5326643944,Guanfacine,12/3/2019
5076691963,CENTER-AL - DACTYLIS GLOMERATA POLLEN,9/28/2019
7177248331,ZONISAMIDE,12/29/2019
1900228777,ENALAPRIL MALEATE,6/22/2019
4832660942,Rocuronium Bromide,10/2/2019
8335352615,Pramipexole Dihydrochloride,8/26/2019
8938957195,Loratadine,5/25/2019
3356263773,CELERY,2/23/2020
8137920536,Highmark Professional Gold and Clean Antimicrobial Ltn Sp,11/1/2019
7092601908,Levisticum e rad. 3,5/7/2020
3649019655,Duloxetine,9/20/2019
2586188977,DiorSkin Nude 052 Rosy Bronze,3/29/2020
5577794536,Zonatuss,5/14/2020
9396302074,Allopurinol,9/30/2019
1275758142,CUT CLEANER,4/8/2020
1198225688,Diazepam,1/11/2020
4969626936,Haloperidol,10/2/2019
5064406827,Aveeno Baby Organic Harvest Diaper Rash,7/6/2019
2305470738,A. Dust,4/6/2020
5689532215,Dry Idea A.Dry Inv.Sol. Antiperspirant Cool Blast,3/18/2020
8280363645,FAMILY DOLLAR,4/27/2020
6311995751,Oxygen,1/21/2020
0497792850,Radiation Protect,6/28/2019
9048396751,Effer-K,6/25/2019
1741647339,ENALAPRIL MALEATE,1/3/2020
1908353902,Pain Reliever PM,7/21/2019
9027793263,Reed Therapeutics Pain Relieving Therapy,9/6/2019
5993285087,Gemfibrozil,7/8/2019
9023390083,Lymphdrainex,7/16/2019
9137075780,Atenolol,4/16/2020
6141117546,Dimenhydrinate,1/17/2020
3324076706,Terragen HG Treatment,9/26/2019
5034639017,Iodine Bush,9/15/2019
6661335963,Effexor,3/12/2020
1186971452,Cover and Conceal Blemish Concealer,7/23/2019
7990922614,Degree Girl Friends Forever,6/13/2019
4509143559,Olanzapine,5/30/2019
6697876204,Neutrogena Rapid Clear 7 Day Acne Intervention,11/2/2019
2819541895,REVERSE IT KIT,8/10/2019
6233307902,DYSPEPSIA FATIGUE,7/26/2019
6720604457,Nicotine,3/13/2020
7656162062,Swift Sinus Pain,4/28/2020
2654966240,Cinnabar Dandelion,6/11/2019
6920898772,SUNMARK CALCIUM ANTACID,1/22/2020
3581599678,PEMF Optimizer,9/8/2019
6143478317,up and up cough suppressant and topical analgesic chest rub,11/19/2019
9891532704,Increlex,1/2/2020
4230241909,Chestnut Oak,6/13/2019
8646782131,Cortrosyn,2/15/2020
5605994115,Trimipramine maleate,12/9/2019
4598872403,citalopram hydrobromide,10/8/2019
9868510201,White Oak,6/23/2019
6240066559,American Elm Pollen,9/20/2019
5088142625,LISINOPRIL,1/2/2020
9403312483,Urea,6/15/2019
2261653441,Tussin DM,7/4/2019
3216203778,Nitrogen,8/4/2019
5388752976,CYZONE,5/16/2020
0535690657,NARS ALL DAY LUMINOUS FOUNDATION,8/25/2019
6428958503,Stool Softener Plus Stimulant Laxative,5/31/2019
4952543277,Melphalan Hydrochloride,5/15/2020
7355280929,Losartan Potassium,5/24/2019
4988933911,Losartan Potassium,11/1/2019
2023969352,Senna-Lax,11/19/2019
9073875986,Amlodipine besylate,9/17/2019
5564887085,Bethanechol Chloride,9/4/2019
2809238987,DEFENDER Antiseptic Foam Hand Sanitizer Alcohol-Free,5/25/2019
6513744865,MAXIMUM STRENGTH MYTAB For GAS,12/25/2019
6508993372,Cepacol Sore Throat Plus Cough,7/17/2019
7001602361,Vaseline,5/8/2020
4445405817,simply right minoxidil,12/1/2019
1669424642,ZINACEF,6/24/2019
4537417730,CLARINS Broad Spectrum SPF 15 Sunscreen Extra-Firming Foundation Tint 111,12/23/2019
8781669534,Benztropine Mesylate,5/1/2020
8377302276,AMOREPACIFIC,9/27/2019
2533573140,FEMALE LIBIDO,7/30/2019
3770626796,Household Antigens,12/20/2019
7216434625,Vascular,10/2/2019
0457634952,KIDS CHOICE,10/1/2019
8926984230,Cuprimine,1/15/2020
0155882120,Trifluridine,12/27/2019
3625253054,Rhus Tox Kit Refill,10/17/2019
0917939077,Lithium Carbonate,4/13/2020
1116917394,Micardis HCT,6/10/2019
2635465673,Cilostazol,3/29/2020
6664424282,Ciprofloxacin,7/24/2019
3016100312,Maalox Advanced Maximum Strength,11/13/2019
9856214750,Skelaxin,12/6/2019
6471802471,ChapStick Classic Original,6/17/2019
5897956154,Berry Scented Hand Sanitizer,5/21/2020
3416157001,Obao,6/11/2019
5346849610,Diethylpropion HCl Controlled-Release,2/23/2020
2268786544,DELFLEX,5/27/2019
0077297814,Thiothixene,8/12/2019
8139577219,SEROQUEL,1/17/2020
9389995795,PROLONG 101,6/26/2019
5063987397,Loratadine,8/10/2019
7805672083,CLADOSPORIUM SPHAEROSPERMUM,4/5/2020
0991701917,Australian Gold,10/12/2019
8360449929,Triazolam,9/2/2019
6652680211,Blemish Treatment,12/29/2019
2994737469,flormar Foundation Sunscreen Broad Spectrum SPF 20 LF22 PURE BEIGE,7/31/2019
1820218872,HYDROCORTISONE,3/4/2020
3318362662,Oxymetazoline Hydrochloride,4/8/2020
6786653421,Topcare Nicotine,11/17/2019
0654775303,Orange Pollen,11/23/2019
0473523329,Lorazepam,6/14/2019
2525614097,Fosinopril Sodium and Hydrochlorothiazide,4/27/2020
3076282263,Oxistat,8/1/2019
4032592225,Hygienic Cleansing Pads,10/18/2019
1455667749,Triamterene and Hydrochlorothiazide,12/20/2019
5258110826,UNITHROID,9/13/2019
1733624813,Lidocaine HCl - Hydrocortisone Acetate,7/31/2019
2792653981,Eczema Rescue,9/15/2019
5701070832,Meijer SPF 70,1/1/2020
3934820484,Amlodipine besylate and Atorvastatin calcium,6/22/2019
5674221987,Rx Act Cold Head Congestion,6/17/2019
0735325588,Advanced Relief A and D,12/30/2019
5779521514,LORAZEPAM,10/30/2019
7608295600,Citalopram,5/12/2020
4682471147,Warfarin Sodium,2/17/2020
7709516696,Miracle Plus Diabetic Homeopathic,1/18/2020
6879357539,Naproxen Sodium,3/11/2020
4975934116,CRESTOR,5/5/2020
2513088026,Softsoap,11/9/2019
1741176220,ORGAN-I NR,6/11/2019
4207249982,Temazepam,8/11/2019
5468946513,Atenolol and Chlorthalidone,8/10/2019
6118506027,Iodine Topical Solution,5/6/2020
2334174211,FIREFLY MARVEL Ultimate SPIDER-MAN Fluoride Foam Bubblegum Flavor,8/21/2019
5405790729,Trexall,12/26/2019
2758237091,Prednisone,2/12/2020
7771886205,Vindictive,1/13/2020
7977593661,Tramadol Hydrochloride,12/10/2019
7649587231,Childrens Growth and Development,1/5/2020
9775256925,Uniretic,10/17/2019
6712764777,CVS Pharmacy,4/7/2020
4167834103,Nipent,5/2/2020
9366030564,Megestrol Acetate,9/29/2019
6415396889,Lupron Depot-PED,1/24/2020
6551523706,Donepezil Hydrochloride,11/9/2019
5298590551,RED GINSENG FERMENTED TONER,2/2/2020
0341179884,Rough Marsh Elder,5/16/2020
3272036199,COUMADIN,7/27/2019
9892511786,Cyclobenzaprine hydrochloride,7/15/2019
6720075934,CVS Pharmacy,11/12/2019
2962205186,MAXALT,5/17/2020
6390078714,Cefdinir,5/28/2019
8594036361,PHENERGAN,5/7/2020
5742649398,Omeprazole,2/14/2020
1038370922,ESIKA,12/30/2019
7280290973,Topcare ClearLax,8/25/2019
4715671336,Renvela,6/9/2019
5066170855,Arnica,7/3/2019
6195168076,Doxazosin,11/6/2019
1074136160,FAMILY CARE ACNE TREATMENT,9/24/2019
